{"graph": {"_type": "graph-file", "sha256": "e8e6da3331e32b3bb08c82c35d9cc4392a1d440bff396e4ae0951690047bb8f2", "size": 6774, "path": "media/graph/graph_summary_e8e6da3331e32b3bb08c.graph.json"}, "epoch": 99, "_timestamp": 1686871805.1783414, "loss": 0.8690346479415894, "accuracy": 0.9325123429298401, "jaccard_coef": 0.8521183133125305, "val_loss": 0.9121909141540527, "val_accuracy": 0.8634400963783264, "val_jaccard_coef": 0.7479385733604431, "_runtime": 26296.21611046791, "_step": 99, "best_val_loss": 0.9075179696083069, "best_epoch": 60}