{"graph": {"_type": "graph-file", "sha256": "e8e6da3331e32b3bb08c82c35d9cc4392a1d440bff396e4ae0951690047bb8f2", "size": 6774, "path": "media/graph/graph_summary_e8e6da3331e32b3bb08c.graph.json"}, "epoch": 9, "_timestamp": 1686885593.1573517, "loss": 0.93002849817276, "accuracy": 0.8102691173553467, "jaccard_coef": 0.6192648410797119, "val_loss": 0.9659388661384583, "val_accuracy": 0.7260128855705261, "val_jaccard_coef": 0.545682966709137, "_runtime": 3524.6754157543182, "_step": 9, "best_val_loss": 0.9659388661384583, "best_epoch": 9}